cohort_year,Average_SIP_Amount,Total_Invested,Preferred_Fund
2024,107422.54183205638,3491125187,148568
2025,109158.5770609319,30455243,119599
