amfi_code,tracking_error
102886,0.22342822169121082
100016,0.195404325711616
119095,0.2835165737938606
101207,0.2930983619031951
119092,0.1859359249936814
